0,1,2,3,4,5,6,7,8,9,10,11,12,13,14,15,16,17,18,19,20,21,22,23,24,25,26,27,28,29,30,31,32,33,34,35,36,37,38,39,40,41,42,43,44,45,46,47,48,49,50,51,52,53,54,55,56,57,58,59,60,61,62,63,64,65,66,67,68,69,70,71,72,73,74,75,76,77,78,79,80,81,82,83,84,85,86,87,88,89,90,91,92,93,94,95,96,97,98,99,100,101,102,103,104,105,106,107,108,109,110,111,112,113,114,115,116,117,118,119,120,121,122,123,124,125,126,127,128,129,130,131,132,133,134
"[{'Founders:': 'Nikki Durkin'}, {'Country:': 'Australia'}, {'Industry:': 'e-Commerce'}, {'Started in:': '2010'}, {'Closed in:': '2014'}, {'Nº of employees:': '1-10'}, {'Funding Amount:': '< $1M'}, {'Specific cause of failure:': 'Multiple Reasons'}]","[{'Founder:': 'Ana Santos'}, {'Country:': 'Australia'}, {'Industry:': 'Travel'}, {'Started in:': '2014'}, {'Closed in:': '2015'}, {'Funding Amount:': '$0'}, {'Specific cause of failure:': 'Bad Business Model'}]","[{'Founder:': 'David Desi'}, {'Country:': 'Australia'}, {'Industry:': 'Entertainment'}, {'Started in:': '2013'}, {'Closed in:': '2017'}, {'Funding Amount:': '< $100K'}, {'Specific cause of failure:': 'Lack of Funds'}]","[{'Founder:': 'Mathew Carpenter'}, {'Country:': 'Australia'}, {'Industry:': 'Software & Hardware'}, {'Started in:': '2008'}, {'Closed in:': '2009'}, {'Funding Amount:': '$0'}, {'Specific cause of failure:': 'Legal Challenges'}]",,,,,,,,,,,,,,,,,,,,,,,,,,,,,,,,,,,,,,,,,,,,,,,,,,,,,,,,,,,,,,,,,,,,,,,,,,,,,,,,,,,,,,,,,,,,,,,,,,,,,,,,,,,,,,,,,,,,,,,,,,,,,,,,,,,
"[{'Founders:': 'Adrien Roose, Chloé Roose, Jean-Christophe Libbrecht, Karim Slaoui'}, {'Country:': 'Belgium'}, {'Industry:': 'Food & Beverage'}, {'Started in:': '2013'}, {'Closed in:': '2016'}, {'Nº of employees:': '100-250'}, {'Funding Amount:': '$10M-$50M'}, {'Specific cause of failure:': 'Competition'}]","[{'Founder:': 'Pierre Tillement'}, {'Country:': 'Belgium'}, {'Industry:': 'Software & Hardware'}, {'Started in:': '2017'}, {'Closed in:': '2020'}, {'Funding Amount:': '$100K-$500K'}, {'Specific cause of failure:': 'No Market Need'}]","[{'Founder:': 'Toby Allen'}, {'Country:': 'Belgium'}, {'Industry:': 'Software & Hardware'}, {'Started in:': '2016'}, {'Closed in:': '2017'}, {'Funding Amount:': '$0'}, {'Specific cause of failure:': 'No Market Need'}]",,,,,,,,,,,,,,,,,,,,,,,,,,,,,,,,,,,,,,,,,,,,,,,,,,,,,,,,,,,,,,,,,,,,,,,,,,,,,,,,,,,,,,,,,,,,,,,,,,,,,,,,,,,,,,,,,,,,,,,,,,,,,,,,,,,,
"[{'Founder:': 'Kyril Kotashev'}, {'Country:': 'Bulgaria'}, {'Industry:': 'Entertainment'}, {'Started in:': '2018'}, {'Closed in:': '2020'}, {'Funding Amount:': '< $100K'}, {'Specific cause of failure:': 'Bad Market Fit'}]","[{'Founder:': 'Ivaylo Kalburdzhiev'}, {'Country:': 'Bulgaria'}, {'Industry:': 'Software & Hardware'}, {'Started in:': '2012'}, {'Closed in:': '2015'}, {'Funding Amount:': '< $100K'}, {'Specific cause of failure:': 'No Market Need'}]","[{'Founder:': 'Stefan Vladimirov'}, {'Country:': 'Bulgaria'}, {'Industry:': 'Productivity'}, {'Started in:': '2013'}, {'Closed in:': '2019'}, {'Funding Amount:': '< $100K'}, {'Specific cause of failure:': 'Bad Market Fit'}]",,,,,,,,,,,,,,,,,,,,,,,,,,,,,,,,,,,,,,,,,,,,,,,,,,,,,,,,,,,,,,,,,,,,,,,,,,,,,,,,,,,,,,,,,,,,,,,,,,,,,,,,,,,,,,,,,,,,,,,,,,,,,,,,,,,,
"[{'Founders:': 'McGrath, Michael Curry'}, {'Country:': 'Canada'}, {'Industry:': 'Analytics'}, {'Started in:': '2012'}, {'Closed in:': '2012'}, {'Nº of employees:': '1-10'}, {'Funding Amount:': 'No Data'}, {'Specific cause of failure:': 'Lack of Funds'}]","[{'Founders:': 'Brett Hagman, Jeremy Bell, Peter Nitsch'}, {'Country:': 'Canada'}, {'Industry:': 'Software & Hardware'}, {'Started in:': '2014'}, {'Closed in:': '2015'}, {'Nº of employees:': '50-100'}, {'Funding Amount:': '< $1M'}, {'Specific cause of failure:': 'No Market Need'}]","[{'Founder:': 'Adam Bard'}, {'Country:': 'Canada'}, {'Industry:': 'Software & Hardware'}, {'Started in:': '2013'}, {'Closed in:': '2018'}, {'Funding Amount:': '$0'}, {'Specific cause of failure:': 'Bad Marketing'}]","[{'Founder:': 'Steven Long'}, {'Country:': 'Canada'}, {'Industry:': 'Food & Beverage'}, {'Started in:': '2014'}, {'Closed in:': '2016'}, {'Funding Amount:': '$0'}, {'Specific cause of failure:': 'Legal Challenges'}]","[{'Founder:': 'Kaito Cunningham'}, {'Country:': 'Canada'}, {'Industry:': 'Education'}, {'Started in:': '2018'}, {'Closed in:': '2020'}, {'Funding Amount:': '$0'}, {'Specific cause of failure:': 'Bad Management'}]","[{'Founder:': 'Tom Zaragoza'}, {'Country:': 'Canada'}, {'Industry:': 'Software & Hardware'}, {'Started in:': '2017'}, {'Closed in:': '2018'}, {'Funding Amount:': '$0'}, {'Specific cause of failure:': 'No Market Need'}]","[{'Founder:': 'Charlie Reese'}, {'Country:': 'Canada'}, {'Industry:': 'Software & Hardware'}, {'Started in:': '2017'}, {'Closed in:': '2018'}, {'Funding Amount:': '$0'}, {'Specific cause of failure:': 'Poor Product'}]","[{'Founder:': 'Kirill Vechtomov'}, {'Country:': 'Canada'}, {'Industry:': 'Software & Hardware'}, {'Started in:': '2015'}, {'Closed in:': '2017'}, {'Funding Amount:': '$0'}, {'Specific cause of failure:': 'No Market Need'}]",,,,,,,,,,,,,,,,,,,,,,,,,,,,,,,,,,,,,,,,,,,,,,,,,,,,,,,,,,,,,,,,,,,,,,,,,,,,,,,,,,,,,,,,,,,,,,,,,,,,,,,,,,,,,,,,,,,,,,,,,,,,,,,
"[{'Founders:': 'David Björklund, Peter Vilsholm Therkildsen, Sylwia Erhardt-Bednarska, Søren Holbech Nielsen'}, {'Country:': 'Denmark'}, {'Industry:': 'Marketing'}, {'Started in:': '2011'}, {'Closed in:': '2013'}, {'Nº of employees:': '1-10'}, {'Funding Amount:': '< $1M'}, {'Specific cause of failure:': 'Lack of Funds'}]","[{'Founders:': 'Mircea Gabriel Eftemie'}, {'Country:': 'Denmark'}, {'Industry:': 'Music'}, {'Started in:': '2014'}, {'Closed in:': '2015'}, {'Nº of employees:': '1-10'}, {'Funding Amount:': '< $1M'}, {'Specific cause of failure:': 'Multiple Reasons'}]","[{'Founders:': 'Joachim Rørbøl, Kenneth Svenningse'}, {'Country:': 'Denmark'}, {'Industry:': 'e-Commerce'}, {'Started in:': '2014'}, {'Closed in:': '2016'}, {'Nº of employees:': '10-50'}, {'Funding Amount:': '$1M-$10M'}, {'Specific cause of failure:': 'Multiple Reasons'}]","[{'Founder:': 'Holger Sindbaek'}, {'Country:': 'Denmark'}, {'Industry:': 'Productivity'}, {'Started in:': '2019'}, {'Closed in:': '2021'}, {'Funding Amount:': '$0'}, {'Specific cause of failure:': 'Bad Marketing'}]",,,,,,,,,,,,,,,,,,,,,,,,,,,,,,,,,,,,,,,,,,,,,,,,,,,,,,,,,,,,,,,,,,,,,,,,,,,,,,,,,,,,,,,,,,,,,,,,,,,,,,,,,,,,,,,,,,,,,,,,,,,,,,,,,,,
"[{'Founders:': 'Alexander Gilkes, Alexander Zacke, Georg Untersalmberger, Susanne Zacke'}, {'Country:': 'Germany'}, {'Industry:': 'e-Commerce'}, {'Started in:': '2012'}, {'Closed in:': '2017'}, {'Nº of employees:': '250-500'}, {'Funding Amount:': '> $50M'}, {'Specific cause of failure:': 'Legal Challenges'}]","[{'Founders:': 'Schuyler Deerman'}, {'Country:': 'Germany'}, {'Industry:': 'Social Media'}, {'Started in:': '1998'}, {'Closed in:': '2014'}, {'Nº of employees:': '10-50'}, {'Funding Amount:': '$1M-$10M'}, {'Specific cause of failure:': 'No Market Need'}]","[{'Founder:': 'Andy Goldschmidt'}, {'Country:': 'Germany'}, {'Industry:': 'Analytics'}, {'Started in:': '2015'}, {'Closed in:': '2016'}, {'Funding Amount:': '$0'}, {'Specific cause of failure:': 'No Market Need'}]","[{'Founder:': 'Jan Johannes'}, {'Country:': 'Germany'}, {'Industry:': 'Software & Hardware'}, {'Started in:': '2011'}, {'Closed in:': '2016'}, {'Funding Amount:': '< $100K'}, {'Specific cause of failure:': 'Bad Management'}]","[{'Founder:': 'Michael Hebenstreit'}, {'Country:': 'Germany'}, {'Industry:': 'Entertainment'}, {'Started in:': '2013'}, {'Closed in:': '2014'}, {'Funding Amount:': '$0'}, {'Specific cause of failure:': 'Competition'}]","[{'Founder:': 'Aazar Shad'}, {'Country:': 'Germany'}, {'Industry:': 'Transportation'}, {'Started in:': '2014'}, {'Closed in:': '2016'}, {'Funding Amount:': '$0'}, {'Specific cause of failure:': 'Bad Marketing'}]","[{'Founder:': 'Fabian Tausch'}, {'Country:': 'Germany'}, {'Industry:': 'Education'}, {'Started in:': '2018'}, {'Closed in:': '2020'}, {'Funding Amount:': '$0'}, {'Specific cause of failure:': 'Bad Market Fit'}]",,,,,,,,,,,,,,,,,,,,,,,,,,,,,,,,,,,,,,,,,,,,,,,,,,,,,,,,,,,,,,,,,,,,,,,,,,,,,,,,,,,,,,,,,,,,,,,,,,,,,,,,,,,,,,,,,,,,,,,,,,,,,,,,
"[{'Founders:': 'Monica Rastogi, Shashaank Shekhar Singhal'}, {'Country:': 'India'}, {'Industry:': 'Food & Beverage'}, {'Started in:': '2015'}, {'Closed in:': '2016'}, {'Nº of employees:': '10-50'}, {'Funding Amount:': 'No Data'}, {'Specific cause of failure:': 'Competition'}]","[{'Founders:': 'Abhishek Gupta, Nikunj Jain'}, {'Country:': 'India'}, {'Industry:': 'Social Media'}, {'Started in:': '2014'}, {'Closed in:': '2016'}, {'Nº of employees:': '50-100'}, {'Funding Amount:': '< $1M'}, {'Specific cause of failure:': 'Lack of PMF'}]","[{'Founders:': 'Animesh Chaudhary, Harsha Nallur, Mohsin Dingankar'}, {'Country:': 'India'}, {'Industry:': 'Travel'}, {'Started in:': '2013'}, {'Closed in:': '2017'}, {'Nº of employees:': '1-10'}, {'Funding Amount:': '< $1M'}, {'Specific cause of failure:': 'Competition'}]","[{'Founders:': 'Aditya Naik, Rahul Raj, Rakesh Yadav'}, {'Country:': 'India'}, {'Industry:': 'Finances'}, {'Started in:': '2017'}, {'Closed in:': '2019'}, {'Nº of employees:': '50-100'}, {'Funding Amount:': 'No Data'}, {'Specific cause of failure:': 'Legal Challenges'}]","[{'Founders:': 'Pritesh Sankhe, Tarkeshwar Singh, Yash Kotak'}, {'Country:': 'India'}, {'Industry:': 'Software & Hardware'}, {'Started in:': '2014'}, {'Closed in:': '2015'}, {'Nº of employees:': '1-10'}, {'Funding Amount:': 'No Data'}, {'Specific cause of failure:': 'Lack of Experience'}]","[{'Founders:': 'Milind Sharma, Navneet Singh'}, {'Country:': 'India'}, {'Industry:': 'Food & Beverage'}, {'Started in:': '2014'}, {'Closed in:': '2016'}, {'Nº of employees:': '1,000-5,000'}, {'Funding Amount:': '> $50M'}, {'Specific cause of failure:': 'Poor Product'}]","[{'Founders:': 'Suresh John'}, {'Country:': 'India'}, {'Industry:': 'Travel'}, {'Started in:': '2014'}, {'Closed in:': '2017'}, {'Nº of employees:': '100-250'}, {'Funding Amount:': '$1M-$10M'}, {'Specific cause of failure:': 'Lack of Funds'}]","[{'Founders:': 'Amit Gupta, Pardeep Goyal'}, {'Country:': 'India'}, {'Industry:': 'Education'}, {'Started in:': '2013'}, {'Closed in:': '2014'}, {'Nº of employees:': '1-10'}, {'Funding Amount:': '$0'}, {'Specific cause of failure:': 'Lack of Experience'}]","[{'Founders:': 'Rupal Yogendra, Sachit Singhi, Sachit Singhi, Yogendra Vasupal'}, {'Country:': 'India'}, {'Industry:': 'Travel'}, {'Started in:': '2005'}, {'Closed in:': '2017'}, {'Nº of employees:': '250-500'}, {'Funding Amount:': '$10M-$50M'}, {'Specific cause of failure:': 'Lack of Focus'}]","[{'Founders:': 'Arnav Kumar, Himangshu Hazarika'}, {'Country:': 'India'}, {'Industry:': 'Transportation'}, {'Started in:': '2014'}, {'Closed in:': '2016'}, {'Nº of employees:': '10-50'}, {'Funding Amount:': '$1M-$10M'}, {'Specific cause of failure:': 'Bad Business Model'}]","[{'Founder:': 'Chetan Vashistth'}, {'Country:': 'India'}, {'Industry:': 'Education'}, {'Started in:': '2013'}, {'Closed in:': '2014'}, {'Funding Amount:': '$0'}, {'Specific cause of failure:': 'Mismanagement of Funds'}]","[{'Founder:': 'Deepak Murthy'}, {'Country:': 'India'}, {'Industry:': 'Transportation'}, {'Started in:': '2017'}, {'Closed in:': '2017'}, {'Funding Amount:': '< $100K'}, {'Specific cause of failure:': 'Lack of Funds'}]","[{'Founder:': 'Tarun Gupta'}, {'Country:': 'India'}, {'Industry:': 'e-Commerce'}, {'Started in:': '2018'}, {'Closed in:': '2020'}, {'Funding Amount:': '$0'}, {'Specific cause of failure:': 'Bad Management'}]","[{'Founder:': 'Maxim Dsouza'}, {'Country:': 'India'}, {'Industry:': 'Software & Hardware'}, {'Started in:': '2010'}, {'Closed in:': '2016'}, {'Funding Amount:': '$100K-$500K'}, {'Specific cause of failure:': 'Lack of Funds'}]","[{'Founder:': 'Jasmeet Singh'}, {'Country:': 'India'}, {'Industry:': 'Software & Hardware'}, {'Started in:': '2017'}, {'Closed in:': '2017'}, {'Funding Amount:': '$0'}, {'Specific cause of failure:': 'Bad Business Model'}]","[{'Founder:': 'Naveen Mishra'}, {'Country:': 'India'}, {'Industry:': 'Transportation'}, {'Started in:': '2014'}, {'Closed in:': '2016'}, {'Funding Amount:': '$0'}, {'Specific cause of failure:': 'Lack of Funds'}]","[{'Founder:': 'Amit Gogia'}, {'Country:': 'India'}, {'Industry:': 'Food & Beverage'}, {'Started in:': '2014'}, {'Closed in:': '2015'}, {'Funding Amount:': '$0'}, {'Specific cause of failure:': 'Competition'}]",,,,,,,,,,,,,,,,,,,,,,,,,,,,,,,,,,,,,,,,,,,,,,,,,,,,,,,,,,,,,,,,,,,,,,,,,,,,,,,,,,,,,,,,,,,,,,,,,,,,,,,,,,,,,,,,,,,,,,
"[{'Founders:': 'Danny Taniwan'}, {'Country:': 'Indonesia'}, {'Industry:': 'e-Commerce'}, {'Started in:': '2014'}, {'Closed in:': '2015'}, {'Nº of employees:': '1-10'}, {'Funding Amount:': '< $1M'}, {'Specific cause of failure:': 'Lack of Experience'}]","[{'Founder:': 'Andrew Kamphey'}, {'Country:': 'Indonesia'}, {'Industry:': 'Analytics'}, {'Started in:': '2018'}, {'Closed in:': '2019'}, {'Funding Amount:': '$0'}, {'Specific cause of failure:': 'Dependence on Others'}]","[{'Founder:': 'Natagon'}, {'Country:': 'Indonesia'}, {'Industry:': 'Software & Hardware'}, {'Started in:': '2018'}, {'Closed in:': '2019'}, {'Funding Amount:': '$0'}, {'Specific cause of failure:': 'Lack of Focus'}]",,,,,,,,,,,,,,,,,,,,,,,,,,,,,,,,,,,,,,,,,,,,,,,,,,,,,,,,,,,,,,,,,,,,,,,,,,,,,,,,,,,,,,,,,,,,,,,,,,,,,,,,,,,,,,,,,,,,,,,,,,,,,,,,,,,,
"[{'Founder:': 'Enrique Benitez'}, {'Country:': 'Mexico'}, {'Industry:': 'Software & Hardware'}, {'Started in:': '2017'}, {'Closed in:': '2017'}, {'Funding Amount:': '$0'}, {'Specific cause of failure:': 'No Market Need'}]","[{'Founder:': 'Rafael Soto'}, {'Country:': 'Mexico'}, {'Industry:': 'e-Commerce'}, {'Started in:': '2005'}, {'Closed in:': '2006'}, {'Funding Amount:': '$0'}, {'Specific cause of failure:': 'Bad Market Fit'}]","[{'Founder:': 'Nicolas Tranchant'}, {'Country:': 'Mexico'}, {'Industry:': 'e-Commerce'}, {'Started in:': '2012'}, {'Closed in:': '2014'}, {'Funding Amount:': '$0'}, {'Specific cause of failure:': 'Bad Marketing'}]",,,,,,,,,,,,,,,,,,,,,,,,,,,,,,,,,,,,,,,,,,,,,,,,,,,,,,,,,,,,,,,,,,,,,,,,,,,,,,,,,,,,,,,,,,,,,,,,,,,,,,,,,,,,,,,,,,,,,,,,,,,,,,,,,,,,
"[{'Founder:': 'Stepa Mitaki'}, {'Country:': 'Russia'}, {'Industry:': 'Software & Hardware'}, {'Started in:': '2014'}, {'Closed in:': '2016'}, {'Funding Amount:': '< $100K'}, {'Specific cause of failure:': 'No Market Need'}]","[{'Founder:': 'Miloslav Voloskov'}, {'Country:': 'Russia'}, {'Industry:': 'Software & Hardware'}, {'Started in:': '2018'}, {'Closed in:': '2018'}, {'Funding Amount:': '$0'}, {'Specific cause of failure:': 'Other'}]","[{'Founder:': 'Vladimir Esaulov'}, {'Country:': 'Russia'}, {'Industry:': 'Marketing'}, {'Started in:': '2020'}, {'Closed in:': '2020'}, {'Funding Amount:': '$0'}, {'Specific cause of failure:': 'Lack of Experience'}]",,,,,,,,,,,,,,,,,,,,,,,,,,,,,,,,,,,,,,,,,,,,,,,,,,,,,,,,,,,,,,,,,,,,,,,,,,,,,,,,,,,,,,,,,,,,,,,,,,,,,,,,,,,,,,,,,,,,,,,,,,,,,,,,,,,,
"[{'Founders:': 'Javier Escribano, Ruben Colomer, Juan Luis Hortelano, Walter Kobylanski'}, {'Country:': 'Spain'}, {'Industry:': 'e-Commerce'}, {'Started in:': '2014'}, {'Closed in:': '2015'}, {'Nº of employees:': '10-50'}, {'Funding Amount:': '< $1M'}, {'Specific cause of failure:': 'Failure to Pivot'}]","[{'Founder:': 'Nicolas Elec Attallah'}, {'Country:': 'Spain'}, {'Industry:': 'Social Media'}, {'Started in:': '2015'}, {'Closed in:': '2016'}, {'Funding Amount:': '$0'}, {'Specific cause of failure:': 'Dependence on Others'}]","[{'Founder:': 'Jordi Miró'}, {'Country:': 'Spain'}, {'Industry:': 'Education'}, {'Started in:': '2017'}, {'Closed in:': '2019'}, {'Funding Amount:': '$1M-$5M'}, {'Specific cause of failure:': 'Bad Business Model'}]",,,,,,,,,,,,,,,,,,,,,,,,,,,,,,,,,,,,,,,,,,,,,,,,,,,,,,,,,,,,,,,,,,,,,,,,,,,,,,,,,,,,,,,,,,,,,,,,,,,,,,,,,,,,,,,,,,,,,,,,,,,,,,,,,,,,
"[{'Founders:': 'Alfred Beckman, Andreas Pålsson, Hampus Jakobsson, Mikael Tellhed'}, {'Country:': 'Sweden'}, {'Industry:': 'Marketing'}, {'Started in:': '2012'}, {'Closed in:': '2016'}, {'Nº of employees:': '10-50'}, {'Funding Amount:': '< $1M'}, {'Specific cause of failure:': 'Lack of Focus'}]","[{'Founder:': 'Hampus Jakobsson'}, {'Country:': 'Sweden'}, {'Industry:': 'Software & Hardware'}, {'Started in:': '2012'}, {'Closed in:': '2016'}, {'Funding Amount:': '$1M-$5M'}, {'Specific cause of failure:': 'Lack of Focus'}]","[{'Founder:': 'Jesper Bylund'}, {'Country:': 'Sweden'}, {'Industry:': 'Software & Hardware'}, {'Started in:': '2006'}, {'Closed in:': '2012'}, {'Funding Amount:': '$0'}, {'Specific cause of failure:': 'Competition'}]",,,,,,,,,,,,,,,,,,,,,,,,,,,,,,,,,,,,,,,,,,,,,,,,,,,,,,,,,,,,,,,,,,,,,,,,,,,,,,,,,,,,,,,,,,,,,,,,,,,,,,,,,,,,,,,,,,,,,,,,,,,,,,,,,,,,
"[{'Founders:': 'Matt Webb'}, {'Country:': 'United Kingdom'}, {'Industry:': 'Design'}, {'Started in:': '2005'}, {'Closed in:': '2014'}, {'Nº of employees:': '10-50'}, {'Funding Amount:': '$1M-$10M'}, {'Specific cause of failure:': 'No Market Need'}]","[{'Founders:': 'Gareth Ingham, Ian Roberts'}, {'Country:': 'United Kingdom'}, {'Industry:': 'Music'}, {'Started in:': '2013'}, {'Closed in:': '2016'}, {'Nº of employees:': '100-250'}, {'Funding Amount:': '$10M-$50M'}, {'Specific cause of failure:': 'Mismanagement of Funds'}]","[{'Founders:': 'Adil Mohammed, Michal Bohanes'}, {'Country:': 'United Kingdom'}, {'Industry:': 'Food & Beverage'}, {'Started in:': '2012'}, {'Closed in:': '2014'}, {'Nº of employees:': '1-10'}, {'Funding Amount:': '< $1M'}, {'Specific cause of failure:': 'No Market Need'}]","[{'Founders:': 'Charlie Pool'}, {'Country:': 'United Kingdom'}, {'Industry:': 'e-Commerce'}, {'Started in:': '2011'}, {'Closed in:': '2015'}, {'Nº of employees:': '1-10'}, {'Funding Amount:': '< $1M'}, {'Specific cause of failure:': 'Lack of Experience'}]","[{'Founders:': 'Daniel Ishag'}, {'Country:': 'United Kingdom'}, {'Industry:': 'Transportation'}, {'Started in:': '2014'}, {'Closed in:': '2016'}, {'Nº of employees:': '50-100'}, {'Funding Amount:': '$10M-$50M'}, {'Specific cause of failure:': 'Poor Product'}]","[{'Founders:': 'Ollie Ashley'}, {'Country:': 'United Kingdom'}, {'Industry:': 'Entertainment'}, {'Started in:': '2008'}, {'Closed in:': '2018'}, {'Nº of employees:': '10-50'}, {'Funding Amount:': '$0'}, {'Specific cause of failure:': 'Mismanagement of Funds'}]","[{'Founder:': 'Harry Dry'}, {'Country:': 'United Kingdom'}, {'Industry:': 'e-Commerce'}, {'Started in:': '2017'}, {'Closed in:': '2018'}, {'Funding Amount:': '$0'}, {'Specific cause of failure:': 'No Market Need'}]","[{'Founder:': 'Tom Hunt'}, {'Country:': 'United Kingdom'}, {'Industry:': 'Software & Hardware'}, {'Started in:': '2016'}, {'Closed in:': '2017'}, {'Funding Amount:': '$0'}, {'Specific cause of failure:': 'Bad Market Fit'}]","[{'Founder:': 'James Cort'}, {'Country:': 'United Kingdom'}, {'Industry:': 'Software & Hardware'}, {'Started in:': '2011'}, {'Closed in:': '2014'}, {'Funding Amount:': '$0'}, {'Specific cause of failure:': 'Bad Business Model'}]","[{'Founder:': 'Alan Murray'}, {'Country:': 'United Kingdom'}, {'Industry:': 'Services'}, {'Started in:': '2017'}, {'Closed in:': '2018'}, {'Funding Amount:': '$0'}, {'Specific cause of failure:': 'No Market Need'}]","[{'Founder:': 'Thomas Evans'}, {'Country:': 'United Kingdom'}, {'Industry:': 'e-Commerce'}, {'Started in:': '2009'}, {'Closed in:': '2011'}, {'Funding Amount:': '$100K-$500K'}, {'Specific cause of failure:': 'Bad Marketing'}]","[{'Founder:': 'Ben Tossell'}, {'Country:': 'United Kingdom'}, {'Industry:': 'Education'}, {'Started in:': '2018'}, {'Closed in:': '2018'}, {'Funding Amount:': '$0'}, {'Specific cause of failure:': 'Lack of Focus'}]","[{'Founder:': 'Jack Ellis'}, {'Country:': 'United Kingdom'}, {'Industry:': 'Health'}, {'Started in:': '2013'}, {'Closed in:': '2018'}, {'Funding Amount:': '$0'}, {'Specific cause of failure:': 'Lack of Experience'}]","[{'Founder:': 'David Kramaley'}, {'Country:': 'United Kingdom'}, {'Industry:': 'Entertainment'}, {'Started in:': '2007'}, {'Closed in:': '2012'}, {'Funding Amount:': '$0'}, {'Specific cause of failure:': 'Bad Marketing'}]","[{'Founder:': 'Will Laurenson'}, {'Country:': 'United Kingdom'}, {'Industry:': 'Entertainment'}, {'Started in:': '2015'}, {'Closed in:': '2017'}, {'Funding Amount:': '$0'}, {'Specific cause of failure:': 'Legal Challenges'}]","[{'Founder:': 'Joe D’elia'}, {'Country:': 'United Kingdom'}, {'Industry:': 'Analytics'}, {'Started in:': '2017'}, {'Closed in:': '2017'}, {'Funding Amount:': '$0'}, {'Specific cause of failure:': 'Bad Marketing'}]","[{'Founder:': 'Matthew Tomkin'}, {'Country:': 'United Kingdom'}, {'Industry:': 'e-Commerce'}, {'Started in:': '2012'}, {'Closed in:': '2016'}, {'Funding Amount:': '< $100K'}, {'Specific cause of failure:': 'Lack of Funds'}]","[{'Founder:': 'Pablo Fernández'}, {'Country:': 'United Kingdom'}, {'Industry:': 'Software & Hardware'}, {'Started in:': '2011'}, {'Closed in:': '2015'}, {'Funding Amount:': '$0'}, {'Specific cause of failure:': 'Lack of Funds'}]",,,,,,,,,,,,,,,,,,,,,,,,,,,,,,,,,,,,,,,,,,,,,,,,,,,,,,,,,,,,,,,,,,,,,,,,,,,,,,,,,,,,,,,,,,,,,,,,,,,,,,,,,,,,,,,,,,,,,
"[{'Founders:': 'Johann Barbie, Jonathan Zobro, Songyi Lee'}, {'Country:': 'United States'}, {'Industry:': 'Finances'}, {'Started in:': '2014'}, {'Closed in:': '2015'}, {'Nº of employees:': '1-10'}, {'Funding Amount:': '< $1M'}, {'Specific cause of failure:': 'Lack of Funds'}]","[{'Founders:': 'Boris Sofman, Hanns Tappeiner, Mark Palatucci'}, {'Country:': 'United States'}, {'Industry:': 'Software & Hardware'}, {'Started in:': '2010'}, {'Closed in:': '2019'}, {'Nº of employees:': '100-250'}, {'Funding Amount:': '> $50M'}, {'Specific cause of failure:': 'Lack of Funds'}]","[{'Founders:': 'Anuj Bhargava, Mayank Kumar, Tanuj Mendiratta, Varun Sharma'}, {'Country:': 'United States'}, {'Industry:': 'Marketing'}, {'Started in:': '2013'}, {'Closed in:': '2015'}, {'Nº of employees:': '1-10'}, {'Funding Amount:': '< $1M'}, {'Specific cause of failure:': 'Acquisition Flu'}]","[{'Founders:': 'Adam Covati'}, {'Country:': 'United States'}, {'Industry:': 'Marketing'}, {'Started in:': '2010'}, {'Closed in:': '2014'}, {'Nº of employees:': '10-50'}, {'Funding Amount:': '$1M-$10M'}, {'Specific cause of failure:': 'Competition'}]","[{'Founders:': 'Helen Greiner'}, {'Country:': 'United States'}, {'Industry:': 'Software & Hardware'}, {'Started in:': '2008'}, {'Closed in:': '2019'}, {'Nº of employees:': '10-50'}, {'Funding Amount:': '$10M-$50M'}, {'Specific cause of failure:': 'Multiple Reasons'}]","[{'Founders:': 'Philip Greenspun, Tracy Adams, Ben Adida, Eve Andersson, Olin Shivers, Aurelius Prochazka, Jin Choi'}, {'Country:': 'United States'}, {'Industry:': 'e-Commerce'}, {'Started in:': '1997'}, {'Closed in:': '2002'}, {'Nº of employees:': '50-100'}, {'Funding Amount:': '$10M-$50M'}, {'Specific cause of failure:': 'Lack of Experience'}]","[{'Founders:': 'Ale Resnik, Owen Savir'}, {'Country:': 'United States'}, {'Industry:': 'Transportation'}, {'Started in:': '2013'}, {'Closed in:': '2016'}, {'Nº of employees:': '100-250'}, {'Funding Amount:': '> $50M'}, {'Specific cause of failure:': 'Mismanagement of Funds'}]","[{'Founders:': 'Kurt Huang'}, {'Country:': 'United States'}, {'Industry:': 'Finances'}, {'Started in:': '2002'}, {'Closed in:': '2007'}, {'Nº of employees:': '50-100'}, {'Funding Amount:': '$10M-$50M'}, {'Specific cause of failure:': 'Competition'}]","[{'Founders:': 'Celina Tenev, Timothy Peck, XiaoSong Mu'}, {'Country:': 'United States'}, {'Industry:': 'Health'}, {'Started in:': '2015'}, {'Closed in:': '2019'}, {'Nº of employees:': '100-250'}, {'Funding Amount:': '$10M-$50M'}, {'Specific cause of failure:': 'Bad Business Model'}]","[{'Founders:': 'Brad Bostic & Scott Jones'}, {'Country:': 'United States'}, {'Industry:': 'Software & Hardware'}, {'Started in:': '2005'}, {'Closed in:': '2016'}, {'Nº of employees:': '50-100'}, {'Funding Amount:': '> $50M'}, {'Specific cause of failure:': 'Competition'}]","[{'Founders:': 'Arsenio Santos, Ben Huh, Matt Galligan'}, {'Country:': 'United States'}, {'Industry:': 'Entertainment'}, {'Started in:': '2011'}, {'Closed in:': '2015'}, {'Nº of employees:': '10-50'}, {'Funding Amount:': '$1M-$10M'}, {'Specific cause of failure:': 'Lack of Funds'}]","[{'Founders:': 'Manoj Ramnani & Patrick Questembert'}, {'Country:': 'United States'}, {'Industry:': 'Finances'}, {'Started in:': '2012'}, {'Closed in:': '2016'}, {'Nº of employees:': '10-50'}, {'Funding Amount:': '$10M-$50M'}, {'Specific cause of failure:': 'Bad Business Model'}]","[{'Founders:': 'Joshua Schachter'}, {'Country:': 'United States'}, {'Industry:': 'Productivity'}, {'Started in:': '2003'}, {'Closed in:': '2017'}, {'Nº of employees:': '50-100'}, {'Funding Amount:': 'No Data'}, {'Specific cause of failure:': 'Acquisition Flu'}]","[{'Founders:': 'Bjoern Zinssmeister, Marc Hemeon'}, {'Country:': 'United States'}, {'Industry:': 'Design'}, {'Started in:': '2016'}, {'Closed in:': '2017'}, {'Nº of employees:': '1-10'}, {'Funding Amount:': '$1M-$10M'}, {'Specific cause of failure:': 'Bad Business Model'}]","[{'Founders:': 'Imri Goldberg, Mosi Shuchman, Nadav Gur'}, {'Country:': 'United States'}, {'Industry:': 'Travel'}, {'Started in:': '2011'}, {'Closed in:': '2014'}, {'Nº of employees:': '1-10'}, {'Funding Amount:': '$1M-$10M'}, {'Specific cause of failure:': 'Bad Business Model'}]","[{'Founders:': 'Kevin Rose'}, {'Country:': 'United States'}, {'Industry:': 'Social Media'}, {'Started in:': '2004'}, {'Closed in:': 'Active'}, {'Nº of employees:': '50-100'}, {'Funding Amount:': '$10M-$50M'}, {'Specific cause of failure:': 'Competition'}]","[{'Founders:': 'Brian Bordainick, Francisco Robert, Zach Kupperman'}, {'Country:': 'United States'}, {'Industry:': 'Food & Beverage'}, {'Started in:': '2011'}, {'Closed in:': '2016'}, {'Nº of employees:': '10-50'}, {'Funding Amount:': '$1M-$10M'}, {'Specific cause of failure:': 'Bad Business Model'}]","[{'Founders:': 'Dan Gillmor, Lisa Sounio, Marko Ahtisaari, Matt Jones, Taneli Tikka'}, {'Country:': 'United States'}, {'Industry:': 'Travel'}, {'Started in:': '2007'}, {'Closed in:': 'Active'}, {'Nº of employees:': '1-10'}, {'Funding Amount:': 'No Data'}, {'Specific cause of failure:': 'Acquisition Flu'}]","[{'Founders:': 'Solomon Hykes'}, {'Country:': 'United States'}, {'Industry:': 'Software & Hardware'}, {'Started in:': '2008'}, {'Closed in:': '2016'}, {'Nº of employees:': '250-500'}, {'Funding Amount:': '$10M-$50M'}, {'Specific cause of failure:': 'Mismanagement of Funds'}]","[{'Founders:': 'Josh Fraser, Rob Johnson'}, {'Country:': 'United States'}, {'Industry:': 'Finances'}, {'Started in:': '2007'}, {'Closed in:': '2010'}, {'Nº of employees:': '1-10'}, {'Funding Amount:': '< $1M'}, {'Specific cause of failure:': 'Lack of PMF'}]","[{'Founders:': 'Bradford Shane Shellhammer, Deepa Shah, Jason Goldberg, Nishith Shah, Sunil Khedar'}, {'Country:': 'United States'}, {'Industry:': 'e-Commerce'}, {'Started in:': '2009'}, {'Closed in:': '2013'}, {'Nº of employees:': '500-1,000'}, {'Funding Amount:': '> $50M'}, {'Specific cause of failure:': 'Multiple Reasons'}]","[{'Founders:': 'Mike Townsend'}, {'Country:': 'United States'}, {'Industry:': 'Food & Beverage'}, {'Started in:': '2011'}, {'Closed in:': '2013'}, {'Nº of employees:': '50-100'}, {'Funding Amount:': '$0'}, {'Specific cause of failure:': 'Bad Business Model'}]","[{'Founders:': 'Bobby Ghoshal, Matthew Ausonio'}, {'Country:': 'United States'}, {'Industry:': 'Productivity'}, {'Started in:': '2010'}, {'Closed in:': '2013'}, {'Nº of employees:': '10-50'}, {'Funding Amount:': '$1M-$10M'}, {'Specific cause of failure:': 'Multiple Reasons'}]","[{'Founders:': 'Ade Olonoh, John Wechsler'}, {'Country:': 'United States'}, {'Industry:': 'Social Media'}, {'Started in:': '2009'}, {'Closed in:': '2013'}, {'Nº of employees:': '10-50'}, {'Funding Amount:': '$10M-$50M'}, {'Specific cause of failure:': 'Legal Challenges'}]","[{'Founders:': 'Dave Rosenthal, Dave Scherer, Nick Lavezzo'}, {'Country:': 'United States'}, {'Industry:': 'Software & Hardware'}, {'Started in:': '2009'}, {'Closed in:': '2015'}, {'Nº of employees:': '10-50'}, {'Funding Amount:': '$10M-$50M'}, {'Specific cause of failure:': 'Acquisition Flu'}]","[{'Founders:': 'John Hui, Robb Fujioka, Steve Hui'}, {'Country:': 'United States'}, {'Industry:': 'Software & Hardware'}, {'Started in:': '2006'}, {'Closed in:': '2015'}, {'Nº of employees:': '500-1,000'}, {'Funding Amount:': '> $50M'}, {'Specific cause of failure:': 'Mismanagement of Funds'}]","[{'Founders:': 'Josh Williams, Scott Raymond'}, {'Country:': 'United States'}, {'Industry:': 'Social Media'}, {'Started in:': '2007'}, {'Closed in:': '2013'}, {'Nº of employees:': '10-50'}, {'Funding Amount:': '$10M-$50M'}, {'Specific cause of failure:': 'Competition'}]","[{'Founders:': 'Andres Barreto, Josh Greenberg, Sam Tarantino'}, {'Country:': 'United States'}, {'Industry:': 'Music'}, {'Started in:': '2006'}, {'Closed in:': '2015'}, {'Nº of employees:': '50-100'}, {'Funding Amount:': '$1M-$10M'}, {'Specific cause of failure:': 'Legal Challenges'}]","[{'Founders:': 'Ali Moiz, Murtaza Hussain'}, {'Country:': 'United States'}, {'Industry:': 'Transportation'}, {'Started in:': '2011'}, {'Closed in:': '2011'}, {'Nº of employees:': '1-10'}, {'Funding Amount:': '$1M-$10M'}, {'Specific cause of failure:': 'Legal Challenges'}]","[{'Founders:': 'Kerry Jones, Shruti Merchant, Sloane Yu'}, {'Country:': 'United States'}, {'Industry:': 'Software & Hardware'}, {'Started in:': '2016'}, {'Closed in:': '2020'}, {'Nº of employees:': '10-50'}, {'Funding Amount:': '$10M-$50M'}, {'Specific cause of failure:': 'Bad Timing'}]","[{'Founders:': 'Doug Evans'}, {'Country:': 'United States'}, {'Industry:': 'Food & Beverage'}, {'Started in:': '2013'}, {'Closed in:': '2017'}, {'Nº of employees:': '100-250'}, {'Funding Amount:': '> $50M'}, {'Specific cause of failure:': 'Bad Business Model'}]","[{'Founders:': 'Emmett Shear, Justin Kan'}, {'Country:': 'United States'}, {'Industry:': 'Productivity'}, {'Started in:': '2003'}, {'Closed in:': '2008'}, {'Nº of employees:': '10-50'}, {'Funding Amount:': '< $1M'}, {'Specific cause of failure:': 'Bad Management'}]","[{'Founders:': 'Brendan Marshall, Ian Ferguson'}, {'Country:': 'United States'}, {'Industry:': 'Food & Beverage'}, {'Started in:': '2011'}, {'Closed in:': '2016'}, {'Nº of employees:': '10-50'}, {'Funding Amount:': '$1M-$10M'}, {'Specific cause of failure:': 'Competition'}]","[{'Founders:': 'Babur Habib, Osman Rashid'}, {'Country:': 'United States'}, {'Industry:': 'Education'}, {'Started in:': '2009'}, {'Closed in:': '2013'}, {'Nº of employees:': '+10,000'}, {'Funding Amount:': '> $50M'}, {'Specific cause of failure:': 'Competition'}]","[{'Founders:': 'Brandon Kleinman, Leura Fine'}, {'Country:': 'United States'}, {'Industry:': 'e-Commerce'}, {'Started in:': '2014'}, {'Closed in:': 'Active'}, {'Nº of employees:': '50-100'}, {'Funding Amount:': '$10M-$50M'}, {'Specific cause of failure:': 'Multiple Reasons'}]","[{'Founders:': 'Allan Grinshtein, Kelly Sutton'}, {'Country:': 'United States'}, {'Industry:': 'Design'}, {'Started in:': '2011'}, {'Closed in:': '2014'}, {'Nº of employees:': '10-50'}, {'Funding Amount:': '< $1M'}, {'Specific cause of failure:': 'Lack of Funds'}]","[{'Founders:': 'Kyle Kirchhoff'}, {'Country:': 'United States'}, {'Industry:': 'Transportation'}, {'Started in:': '2013'}, {'Closed in:': '2015'}, {'Nº of employees:': '50-100'}, {'Funding Amount:': '$1M-$10M'}, {'Specific cause of failure:': 'Legal Challenges'}]","[{'Founders:': 'David Cancel, Rex Dixon, Todd Sawicki'}, {'Country:': 'United States'}, {'Industry:': 'Marketing'}, {'Started in:': '2007'}, {'Closed in:': '2009'}, {'Nº of employees:': '1-10'}, {'Funding Amount:': '$1M-$10M'}, {'Specific cause of failure:': 'Dependence on Others'}]","[{'Founders:': 'Gentry Underwood, Scott Cannon'}, {'Country:': 'United States'}, {'Industry:': 'Productivity'}, {'Started in:': '2011'}, {'Closed in:': '2015'}, {'Nº of employees:': '500-1,000'}, {'Funding Amount:': '$1M-$10M'}, {'Specific cause of failure:': 'Bad Business Model'}]","[{'Founders:': 'Akshay Navle, Caleb Merkl'}, {'Country:': 'United States'}, {'Industry:': 'Food & Beverage'}, {'Started in:': '2014'}, {'Closed in:': '2017'}, {'Nº of employees:': '100-250'}, {'Funding Amount:': '$10M-$50M'}, {'Specific cause of failure:': 'Bad Business Model'}]","[{'Founders:': 'Matthew Burris'}, {'Country:': 'United States'}, {'Industry:': 'Software & Hardware'}, {'Started in:': '2013'}, {'Closed in:': '2019'}, {'Nº of employees:': '1-10'}, {'Funding Amount:': '$10M-$50M'}, {'Specific cause of failure:': 'Bad Business Model'}]","[{'Founders:': 'Roger Ehrenberg'}, {'Country:': 'United States'}, {'Industry:': 'Analytics'}, {'Started in:': '2003'}, {'Closed in:': '2008'}, {'Nº of employees:': '1-10'}, {'Funding Amount:': '$10M-$50M'}, {'Specific cause of failure:': 'Multiple Reasons'}]","[{'Founders:': 'Bill Bobbitt, Jenny Karin Morrill, Ryan Smith, Shruti Shah'}, {'Country:': 'United States'}, {'Industry:': 'e-Commerce'}, {'Started in:': '2013'}, {'Closed in:': '2016'}, {'Nº of employees:': '50-100'}, {'Funding Amount:': '$10M-$50M'}, {'Specific cause of failure:': 'Bad Business Model'}]","[{'Founders:': 'Conrad Chu, Tri Tran, Van Tran'}, {'Country:': 'United States'}, {'Industry:': 'Food & Beverage'}, {'Started in:': '2011'}, {'Closed in:': '2019'}, {'Nº of employees:': '100-250'}, {'Funding Amount:': '> $50M'}, {'Specific cause of failure:': 'Multiple Reasons'}]","[{'Founders:': 'Aber Whitcomb, Brad Greenspan, Chris DeWolfe, Colin Digiaro, Josh Berman, Michael Addicott, Tom Anderson'}, {'Country:': 'United States'}, {'Industry:': 'Social Media'}, {'Started in:': '2003'}, {'Closed in:': 'Active'}, {'Nº of employees:': '250-500'}, {'Funding Amount:': '$10M-$50M'}, {'Specific cause of failure:': 'Multiple Reasons'}]","[{'Founders:': 'Doug Simpson, Karl Guttag'}, {'Country:': 'United States'}, {'Industry:': 'Transportation'}, {'Started in:': '2013'}, {'Closed in:': '2018'}, {'Nº of employees:': '50-100'}, {'Funding Amount:': '$10M-$50M'}, {'Specific cause of failure:': 'Multiple Reasons'}]","[{'Founders:': 'James Clark, Jon Mittelhauser, Marc Andreessen'}, {'Country:': 'United States'}, {'Industry:': 'Productivity'}, {'Started in:': '1994'}, {'Closed in:': '2008'}, {'Nº of employees:': '5,000-10,000'}, {'Funding Amount:': 'No Data'}, {'Specific cause of failure:': 'Poor Product'}]","[{'Founders:': 'Amir Alon, Motti Tal'}, {'Country:': 'United States'}, {'Industry:': 'Analytics'}, {'Started in:': '2002'}, {'Closed in:': '2014'}, {'Nº of employees:': '50-100'}, {'Funding Amount:': '> $50M'}, {'Specific cause of failure:': 'Lack of PMF'}]","[{'Founders:': 'Ilya Sukhar, James Yu, Kevin Lacker, Tikhon Bernstam'}, {'Country:': 'United States'}, {'Industry:': 'Software & Hardware'}, {'Started in:': '2011'}, {'Closed in:': '2016'}, {'Nº of employees:': '10-50'}, {'Funding Amount:': '$1M-$10M'}, {'Specific cause of failure:': 'Acquisition Flu'}]","[{'Founders:': 'Kevin Lindsey, Paul Colton'}, {'Country:': 'United States'}, {'Industry:': 'Design'}, {'Started in:': '2012'}, {'Closed in:': '2016'}, {'Nº of employees:': '10-50'}, {'Funding Amount:': '$1M-$10M'}, {'Specific cause of failure:': 'Acquisition Flu'}]","[{'Founders:': 'Grayson Carroll, Patrick Cason, Seth Whiting, Shawn Whiting'}, {'Country:': 'United States'}, {'Industry:': 'Analytics'}, {'Started in:': '2013'}, {'Closed in:': '2015'}, {'Nº of employees:': '1-10'}, {'Funding Amount:': '< $1M'}, {'Specific cause of failure:': 'Bad Business Model'}]","[{'Founders:': 'Curt Prins'}, {'Country:': 'United States'}, {'Industry:': 'Marketing'}, {'Started in:': '2011'}, {'Closed in:': '2015'}, {'Nº of employees:': '1-10'}, {'Funding Amount:': '$0'}, {'Specific cause of failure:': 'No Market Need'}]","[{'Founders:': 'Murry Ivanoff, Tim Chae'}, {'Country:': 'United States'}, {'Industry:': 'Analytics'}, {'Started in:': '2010'}, {'Closed in:': '2013'}, {'Nº of employees:': '1-10'}, {'Funding Amount:': '< $1M'}, {'Specific cause of failure:': 'Poor Product'}]","[{'Founders:': 'Wasiq Bokhari'}, {'Country:': 'United States'}, {'Industry:': 'Software & Hardware'}, {'Started in:': '2010'}, {'Closed in:': '2015'}, {'Nº of employees:': '10-50'}, {'Funding Amount:': '$10M-$50M'}, {'Specific cause of failure:': 'Competition'}]","[{'Founders:': 'Jeffrey Katzenberg'}, {'Country:': 'United States'}, {'Industry:': 'Entertainment'}, {'Started in:': '2018'}, {'Closed in:': '2020'}, {'Nº of employees:': '250-500'}, {'Funding Amount:': '> $50M'}, {'Specific cause of failure:': 'Multiple Reasons'}]","[{'Founders:': 'Sara Leoni'}, {'Country:': 'United States'}, {'Industry:': 'Education'}, {'Started in:': '2006'}, {'Closed in:': '2016'}, {'Nº of employees:': '50-100'}, {'Funding Amount:': '> $50M'}, {'Specific cause of failure:': 'Competition'}]","[{'Founders:': 'Carter Adamson, Janus Friis, Niklas Zennström'}, {'Country:': 'United States'}, {'Industry:': 'Music'}, {'Started in:': '2008'}, {'Closed in:': '2015'}, {'Nº of employees:': '50-100'}, {'Funding Amount:': '> $50M'}, {'Specific cause of failure:': 'Competition'}]","[{'Founders:': 'Michael Glukhovsky, Slava Akhmechet'}, {'Country:': 'United States'}, {'Industry:': 'Software & Hardware'}, {'Started in:': '2009'}, {'Closed in:': '2016'}, {'Nº of employees:': '10-50'}, {'Funding Amount:': '$10M-$50M'}, {'Specific cause of failure:': 'Lack of PMF'}]","[{'Founders:': 'Jun Loayza, Stephen Johnson, Yu-kai Chou'}, {'Country:': 'United States'}, {'Industry:': 'Marketing'}, {'Started in:': '2010'}, {'Closed in:': '2015'}, {'Nº of employees:': '10-50'}, {'Funding Amount:': '$1M-$10M'}, {'Specific cause of failure:': 'Lack of Funds'}]","[{'Founders:': 'Santanu Bhattacharya'}, {'Country:': 'United States'}, {'Industry:': 'Analytics'}, {'Started in:': '2009'}, {'Closed in:': '2014'}, {'Nº of employees:': '10-50'}, {'Funding Amount:': '$1M-$10M'}, {'Specific cause of failure:': 'Bad Management'}]","[{'Founders:': 'Kurt Rathmann'}, {'Country:': 'United States'}, {'Industry:': 'Finances'}, {'Started in:': '2014'}, {'Closed in:': '2020'}, {'Nº of employees:': '100-250'}, {'Funding Amount:': '> $50M'}, {'Specific cause of failure:': 'Poor Product'}]","[{'Founders:': 'Chrys Bader-Wechseler, David Byttow'}, {'Country:': 'United States'}, {'Industry:': 'Social Media'}, {'Started in:': '2013'}, {'Closed in:': '2015'}, {'Nº of employees:': '10-50'}, {'Funding Amount:': '$10M-$50M'}, {'Specific cause of failure:': 'Legal Challenges'}]","[{'Founders:': 'Nick Allen, Rodrigo Prudencio'}, {'Country:': 'United States'}, {'Industry:': 'Transportation'}, {'Started in:': '2014'}, {'Closed in:': '2016'}, {'Nº of employees:': '10-50'}, {'Funding Amount:': '$10M-$50M'}, {'Specific cause of failure:': 'Lack of Funds'}]","[{'Founders:': 'Jack Smith, Joshua Scott, Kevin Gibbon'}, {'Country:': 'United States'}, {'Industry:': 'Transportation'}, {'Started in:': '2013'}, {'Closed in:': '2018'}, {'Nº of employees:': '10-50'}, {'Funding Amount:': '> $50M'}, {'Specific cause of failure:': 'Multiple Reasons'}]","[{'Founders:': 'Jahan Khanna, Sunil Paul'}, {'Country:': 'United States'}, {'Industry:': 'Transportation'}, {'Started in:': '2011'}, {'Closed in:': '2015'}, {'Nº of employees:': '50-100'}, {'Funding Amount:': '$10M-$50M'}, {'Specific cause of failure:': 'Competition'}]","[{'Founders:': 'Ryan Hoover, Nick Abouzeid, Chad Whitaker'}, {'Country:': 'United States'}, {'Industry:': 'Productivity'}, {'Started in:': '2018'}, {'Closed in:': '2019'}, {'Nº of employees:': '1-10'}, {'Funding Amount:': '$0'}, {'Specific cause of failure:': 'Multiple Reasons'}]","[{'Founders:': 'Marcus Weller, Mitch Weller'}, {'Country:': 'United States'}, {'Industry:': 'Transportation'}, {'Started in:': '2013'}, {'Closed in:': '2016'}, {'Nº of employees:': '10-50'}, {'Funding Amount:': '$10M-$50M'}, {'Specific cause of failure:': 'Mismanagement of Funds'}]","[{'Founders:': 'Anson Tsui, Steven Hsiao'}, {'Country:': 'United States'}, {'Industry:': 'Food & Beverage'}, {'Started in:': '2013'}, {'Closed in:': '2016'}, {'Nº of employees:': '10-50'}, {'Funding Amount:': '$10M-$50M'}, {'Specific cause of failure:': 'Competition'}]","[{'Founders:': 'Gagan Biyani, Matt Kent, Morgan Springer, Neeraj Berry'}, {'Country:': 'United States'}, {'Industry:': 'Food & Beverage'}, {'Started in:': '2013'}, {'Closed in:': '2017'}, {'Nº of employees:': '50-100'}, {'Funding Amount:': '> $50M'}, {'Specific cause of failure:': 'Competition'}]","[{'Founders:': 'Jason Horman'}, {'Country:': 'United States'}, {'Industry:': 'Productivity'}, {'Started in:': '2008'}, {'Closed in:': '2014'}, {'Nº of employees:': '10-50'}, {'Funding Amount:': '$1M-$10M'}, {'Specific cause of failure:': 'Lack of Focus'}]","[{'Founders:': 'Paul Allen'}, {'Country:': 'United States'}, {'Industry:': 'Transportation'}, {'Started in:': '2010'}, {'Closed in:': '2019'}, {'Nº of employees:': '500-1,000'}, {'Funding Amount:': '$0'}, {'Specific cause of failure:': 'Lack of Focus'}]","[{'Founders:': 'David Markus, Jon Brandt, Robin Wolaner, Todd Basche'}, {'Country:': 'United States'}, {'Industry:': 'Social Media'}, {'Started in:': '2007'}, {'Closed in:': '2009'}, {'Nº of employees:': '10-50'}, {'Funding Amount:': '$1M-$10M'}, {'Specific cause of failure:': 'Bad Business Model'}]","[{'Founders:': 'Allen Han, Kris Efland'}, {'Country:': 'United States'}, {'Industry:': 'Food & Beverage'}, {'Started in:': '2014'}, {'Closed in:': '2017'}, {'Nº of employees:': '10-50'}, {'Funding Amount:': '$10M-$50M'}, {'Specific cause of failure:': 'No Market Need'}]","[{'Founders:': 'Elizabeth Holmes'}, {'Country:': 'United States'}, {'Industry:': 'Health'}, {'Started in:': '2003'}, {'Closed in:': '2018'}, {'Nº of employees:': '10-50'}, {'Funding Amount:': '> $50M'}, {'Specific cause of failure:': 'Legal Challenges'}]","[{'Founders:': 'James Beshara, Karolyn Baxter, Khaled Hussein'}, {'Country:': 'United States'}, {'Industry:': 'Finances'}, {'Started in:': '2012'}, {'Closed in:': '2017'}, {'Nº of employees:': '100-250'}, {'Funding Amount:': '> $50M'}, {'Specific cause of failure:': 'Lack of Focus'}]","[{'Founders:': 'Christophe Garnier, Guillaume Gauthereau'}, {'Country:': 'United States'}, {'Industry:': 'e-Commerce'}, {'Started in:': '2009'}, {'Closed in:': '2013'}, {'Nº of employees:': '50-100'}, {'Funding Amount:': '$10M-$50M'}, {'Specific cause of failure:': 'Poor Product'}]","[{'Founders:': 'Hussein Ahmed, Matt Goyer, Samah Gad, Skyler Johnson-Wagner'}, {'Country:': 'United States'}, {'Industry:': 'Productivity'}, {'Started in:': '2015'}, {'Closed in:': '2015'}, {'Nº of employees:': '10-50'}, {'Funding Amount:': '$1M-$10M'}, {'Specific cause of failure:': 'Bad Business Model'}]","[{'Founders:': 'Billy Chasen'}, {'Country:': 'United States'}, {'Industry:': 'Music'}, {'Started in:': '2011'}, {'Closed in:': '2013'}, {'Nº of employees:': '1-10'}, {'Funding Amount:': '$1M-$10M'}, {'Specific cause of failure:': 'Bad Business Model'}]","[{'Founders:': 'Aaron Harris, Josh Abrams, Ryan Bednar'}, {'Country:': 'United States'}, {'Industry:': 'Education'}, {'Started in:': '2010'}, {'Closed in:': '2013'}, {'Nº of employees:': '50-100'}, {'Funding Amount:': '$1M-$10M'}, {'Specific cause of failure:': 'Bad Marketing'}]","[{'Founders:': 'Gilad Berenstein, Yair Berenstein'}, {'Country:': 'United States'}, {'Industry:': 'Travel'}, {'Started in:': '2012'}, {'Closed in:': '2019'}, {'Nº of employees:': '10-50'}, {'Funding Amount:': '$1M-$10M'}, {'Specific cause of failure:': 'Mismanagement of Funds'}]","[{'Founders:': 'Colin Kroll, Dom Hofmann, Rus Yusupov'}, {'Country:': 'United States'}, {'Industry:': 'Social Media'}, {'Started in:': '2012'}, {'Closed in:': '2017'}, {'Nº of employees:': '50-100'}, {'Funding Amount:': 'No Data'}, {'Specific cause of failure:': 'Multiple Reasons'}]","[{'Founders:': 'Todd Hooper'}, {'Country:': 'United States'}, {'Industry:': 'Entertainment'}, {'Started in:': '2015'}, {'Closed in:': 'Active'}, {'Nº of employees:': '10-50'}, {'Funding Amount:': '$10M-$50M'}, {'Specific cause of failure:': 'Bad Timing'}]","[{'Founders:': 'John Poisson'}, {'Country:': 'United States'}, {'Industry:': 'e-Commerce'}, {'Started in:': '2011'}, {'Closed in:': '2013'}, {'Nº of employees:': '+10,000'}, {'Funding Amount:': '$1M-$10M'}, {'Specific cause of failure:': 'Competition'}]","[{'Founders:': 'Jason Knight, Marc Hedlund'}, {'Country:': 'United States'}, {'Industry:': 'Finances'}, {'Started in:': '2005'}, {'Closed in:': '2010'}, {'Nº of employees:': '10-50'}, {'Funding Amount:': '$1M-$10M'}, {'Specific cause of failure:': 'Bad Management'}]","[{'Founders:': 'Brooks Buffington, Tyler Droll, Will Jamieson'}, {'Country:': 'United States'}, {'Industry:': 'Social Media'}, {'Started in:': '2013'}, {'Closed in:': '2017'}, {'Nº of employees:': '10-50'}, {'Funding Amount:': '> $50M'}, {'Specific cause of failure:': 'Legal Challenges'}]","[{'Founders:': 'Collin Vine, Erik Jensen, Maren Kate Donovan'}, {'Country:': 'United States'}, {'Industry:': 'Software & Hardware'}, {'Started in:': '2011'}, {'Closed in:': '2015'}, {'Nº of employees:': '100-250'}, {'Funding Amount:': '$1M-$10M'}, {'Specific cause of failure:': 'Mismanagement of Funds'}]","[{'Founders:': 'Darrell Cavens, Mark Vadon'}, {'Country:': 'United States'}, {'Industry:': 'e-Commerce'}, {'Started in:': '2009'}, {'Closed in:': 'Active'}, {'Nº of employees:': '1,000-5,000'}, {'Funding Amount:': '> $50M'}, {'Specific cause of failure:': 'Bad Marketing'}]","[{'Founder:': 'Matt “GundayMonday” Sever'}, {'Country:': 'United States'}, {'Industry:': 'Education'}, {'Started in:': ''}, {'Closed in:': ''}, {'Funding Amount:': '$0'}, {'Specific cause of failure:': 'Bad Market Fit'}]","[{'Founder:': 'Matthew Anderson'}, {'Country:': 'United States'}, {'Industry:': 'Marketing'}, {'Started in:': '2011'}, {'Closed in:': '2017'}, {'Funding Amount:': '$100K-$500K'}, {'Specific cause of failure:': 'Bad Business Model'}]","[{'Founder:': 'Sam Stone'}, {'Country:': 'United States'}, {'Industry:': 'Software & Hardware'}, {'Started in:': '2016'}, {'Closed in:': '2018'}, {'Funding Amount:': '$1M-$5M'}, {'Specific cause of failure:': 'Bad Market Fit'}]","[{'Founder:': 'Mary Haskett'}, {'Country:': 'United States'}, {'Industry:': 'Software & Hardware'}, {'Started in:': '2013'}, {'Closed in:': '2015'}, {'Funding Amount:': '< $100K'}, {'Specific cause of failure:': 'Dependence on Others'}]","[{'Founder:': 'Corey Maass'}, {'Country:': 'United States'}, {'Industry:': 'Finances'}, {'Started in:': '2009'}, {'Closed in:': '2015'}, {'Funding Amount:': '$0'}, {'Specific cause of failure:': 'Lack of Funds'}]","[{'Founder:': 'Jon Sherman'}, {'Country:': 'United States'}, {'Industry:': 'Software & Hardware'}, {'Started in:': '2006'}, {'Closed in:': '2007'}, {'Funding Amount:': '$0'}, {'Specific cause of failure:': 'Bad Market Fit'}]","[{'Founder:': 'Kevin Lamping'}, {'Country:': 'United States'}, {'Industry:': 'Health'}, {'Started in:': '2014'}, {'Closed in:': '2014'}, {'Funding Amount:': '$0'}, {'Specific cause of failure:': 'Lack of Focus'}]","[{'Founder:': 'Dane Jensen'}, {'Country:': 'United States'}, {'Industry:': 'Software & Hardware'}, {'Started in:': '2009'}, {'Closed in:': '2010'}, {'Funding Amount:': '< $100K'}, {'Specific cause of failure:': 'Poor Product'}]","[{'Founder:': 'Robert Walker'}, {'Country:': 'United States'}, {'Industry:': 'Software & Hardware'}, {'Started in:': '2014'}, {'Closed in:': '2016'}, {'Funding Amount:': '$0'}, {'Specific cause of failure:': 'Bad Business Model'}]","[{'Founder:': 'Patrick Walls'}, {'Country:': 'United States'}, {'Industry:': 'Software & Hardware'}, {'Started in:': '2016'}, {'Closed in:': '2017'}, {'Funding Amount:': '$0'}, {'Specific cause of failure:': 'No Market Need'}]","[{'Founder:': 'Rohit Nallapeta'}, {'Country:': 'United States'}, {'Industry:': 'Software & Hardware'}, {'Started in:': '2010'}, {'Closed in:': '2011'}, {'Funding Amount:': '$0'}, {'Specific cause of failure:': 'No Market Need'}]","[{'Founder:': 'Justin Anyanwu'}, {'Country:': 'United States'}, {'Industry:': 'Software & Hardware'}, {'Started in:': '2014'}, {'Closed in:': '2017'}, {'Funding Amount:': '$0'}, {'Specific cause of failure:': 'No Market Need'}]","[{'Founder:': 'Andrey Norin'}, {'Country:': 'United States'}, {'Industry:': 'Software & Hardware'}, {'Started in:': '2017'}, {'Closed in:': '2017'}, {'Funding Amount:': '$0'}, {'Specific cause of failure:': 'Lack of Experience'}]","[{'Founder:': 'Duncan Hamra'}, {'Country:': 'United States'}, {'Industry:': 'Education'}, {'Started in:': '2014'}, {'Closed in:': '2018'}, {'Funding Amount:': '$0'}, {'Specific cause of failure:': 'Bad Business Model'}]","[{'Founder:': 'Christopher Brownridge'}, {'Country:': 'United States'}, {'Industry:': 'Entertainment'}, {'Started in:': '2016'}, {'Closed in:': '2019'}, {'Funding Amount:': '$1M-$5M'}, {'Specific cause of failure:': 'Lack of Funds'}]","[{'Founder:': 'Justin Hunter'}, {'Country:': 'United States'}, {'Industry:': 'Software & Hardware'}, {'Started in:': '2017'}, {'Closed in:': '2020'}, {'Funding Amount:': '$100K-$500K'}, {'Specific cause of failure:': 'Bad Business Model'}]","[{'Founder:': 'Jeff Orr'}, {'Country:': 'United States'}, {'Industry:': 'Software & Hardware'}, {'Started in:': '2014'}, {'Closed in:': '2015'}, {'Funding Amount:': '$0'}, {'Specific cause of failure:': 'Bad Business Model'}]","[{'Founder:': 'Michael Hawthorne'}, {'Country:': 'United States'}, {'Industry:': 'Entertainment'}, {'Started in:': '2013'}, {'Closed in:': '2013'}, {'Funding Amount:': '$0'}, {'Specific cause of failure:': 'Lack of Funds'}]","[{'Founder:': 'Julia Enthoven'}, {'Country:': 'United States'}, {'Industry:': 'Software & Hardware'}, {'Started in:': '2017'}, {'Closed in:': '2018'}, {'Funding Amount:': '$0'}, {'Specific cause of failure:': 'Bad Business Model'}]","[{'Founder:': 'Cody Howell'}, {'Country:': 'United States'}, {'Industry:': 'e-Commerce'}, {'Started in:': '2017'}, {'Closed in:': '2017'}, {'Funding Amount:': '$0'}, {'Specific cause of failure:': 'Bad Management'}]","[{'Founder:': 'Andrew Askins'}, {'Country:': 'United States'}, {'Industry:': 'Software & Hardware'}, {'Started in:': '2015'}, {'Closed in:': '2015'}, {'Funding Amount:': '$0'}, {'Specific cause of failure:': 'Lack of Focus'}]","[{'Founder:': 'Rik Ganguly'}, {'Country:': 'United States'}, {'Industry:': 'Education'}, {'Started in:': '2014'}, {'Closed in:': '2014'}, {'Funding Amount:': '$0'}, {'Specific cause of failure:': 'Competition'}]","[{'Founder:': 'Andrew Laux'}, {'Country:': 'United States'}, {'Industry:': 'Health'}, {'Started in:': '2019'}, {'Closed in:': '2020'}, {'Funding Amount:': '$0'}, {'Specific cause of failure:': 'Dependence on Others'}]","[{'Founder:': 'Deepak Chhugani'}, {'Country:': 'United States'}, {'Industry:': 'Social Media'}, {'Started in:': '2017'}, {'Closed in:': '2017'}, {'Funding Amount:': '$0'}, {'Specific cause of failure:': 'Bad Business Model'}]","[{'Founder:': 'Michael Novotny'}, {'Country:': 'United States'}, {'Industry:': 'Software & Hardware'}, {'Started in:': '2016'}, {'Closed in:': '2018'}, {'Funding Amount:': '$0'}, {'Specific cause of failure:': 'Bad Market Fit'}]","[{'Founder:': 'Kevin Wang'}, {'Country:': 'United States'}, {'Industry:': 'Food & Beverage'}, {'Started in:': '2019'}, {'Closed in:': '2020'}, {'Funding Amount:': '$0'}, {'Specific cause of failure:': 'Lack of Experience'}]","[{'Founder:': 'Andrew Chen'}, {'Country:': 'United States'}, {'Industry:': 'Productivity'}, {'Started in:': '2011'}, {'Closed in:': '2012'}, {'Funding Amount:': '$100K-$500K'}, {'Specific cause of failure:': 'Bad Management'}]","[{'Founder:': 'Joe Stech'}, {'Country:': 'United States'}, {'Industry:': 'Transportation'}, {'Started in:': '2013'}, {'Closed in:': '2013'}, {'Funding Amount:': '$0'}, {'Specific cause of failure:': 'Bad Marketing'}]","[{'Founder:': 'Jake Lang'}, {'Country:': 'United States'}, {'Industry:': 'e-Commerce'}, {'Started in:': '2017'}, {'Closed in:': '2018'}, {'Funding Amount:': '$0'}, {'Specific cause of failure:': 'No Market Need'}]","[{'Founder:': 'Tim Chard'}, {'Country:': 'United States'}, {'Industry:': 'e-Commerce'}, {'Started in:': '2014'}, {'Closed in:': '2015'}, {'Funding Amount:': '$0'}, {'Specific cause of failure:': 'Lack of Funds'}]","[{'Founder:': 'Wes Wagner'}, {'Country:': 'United States'}, {'Industry:': 'Education'}, {'Started in:': '2020'}, {'Closed in:': '2021'}, {'Funding Amount:': '$100K-$500K'}, {'Specific cause of failure:': 'No Market Need'}]","[{'Founder:': 'Shanti Braford'}, {'Country:': 'United States'}, {'Industry:': 'Social Media'}, {'Started in:': '2015'}, {'Closed in:': '2016'}, {'Funding Amount:': '$0'}, {'Specific cause of failure:': 'Bad Business Model'}]","[{'Founder:': 'Logan Rado'}, {'Country:': 'United States'}, {'Industry:': 'Social Media'}, {'Started in:': '2016'}, {'Closed in:': '2019'}, {'Funding Amount:': '$0'}, {'Specific cause of failure:': 'Lack of Funds'}]","[{'Founder:': 'Gregg Blanchard'}, {'Country:': 'United States'}, {'Industry:': 'Analytics'}, {'Started in:': '2019'}, {'Closed in:': '2019'}, {'Funding Amount:': '$0'}, {'Specific cause of failure:': 'No Market Need'}]","[{'Founder:': 'Lola Ojabowale'}, {'Country:': 'United States'}, {'Industry:': 'Health'}, {'Started in:': '2018'}, {'Closed in:': '2020'}, {'Funding Amount:': '$0'}, {'Specific cause of failure:': 'Bad Market Fit'}]","[{'Founder:': 'Steven Glod'}, {'Country:': 'United States'}, {'Industry:': 'Software & Hardware'}, {'Started in:': '2012'}, {'Closed in:': '2014'}, {'Funding Amount:': '< $100K'}, {'Specific cause of failure:': 'Bad Business Model'}]","[{'Founder:': 'Hunt Burdick'}, {'Country:': 'United States'}, {'Industry:': 'Software & Hardware'}, {'Started in:': '2017'}, {'Closed in:': '2018'}, {'Funding Amount:': '$0'}, {'Specific cause of failure:': 'Bad Market Fit'}]","[{'Founder:': 'Matthew Volm'}, {'Country:': 'United States'}, {'Industry:': 'Software & Hardware'}, {'Started in:': '2017'}, {'Closed in:': '2019'}, {'Funding Amount:': '$500K-$1M'}, {'Specific cause of failure:': 'Bad Market Fit'}]","[{'Founder:': 'Nick Raushenbush'}, {'Country:': 'United States'}, {'Industry:': 'Health'}, {'Started in:': '2016'}, {'Closed in:': '2016'}, {'Funding Amount:': '$0'}, {'Specific cause of failure:': 'Bad Market Fit'}]","[{'Founder:': 'Will Sun'}, {'Country:': 'United States'}, {'Industry:': 'Health'}, {'Started in:': '2016'}, {'Closed in:': '2016'}, {'Funding Amount:': '$0'}, {'Specific cause of failure:': 'No Market Need'}]","[{'Founder:': 'Ryan Biddulph'}, {'Country:': 'United States'}, {'Industry:': 'Education'}, {'Started in:': '2015'}, {'Closed in:': '2016'}, {'Funding Amount:': '$0'}, {'Specific cause of failure:': 'Lack of Focus'}]","[{'Founder:': 'Phil Smy'}, {'Country:': 'United States'}, {'Industry:': 'e-Commerce'}, {'Started in:': '2010'}, {'Closed in:': '2012'}, {'Funding Amount:': '$100K-$500K'}, {'Specific cause of failure:': 'Bad Business Model'}]","[{'Founder:': 'Gene Maryushenko'}, {'Country:': 'United States'}, {'Industry:': 'Travel'}, {'Started in:': '2011'}, {'Closed in:': '2012'}, {'Funding Amount:': '$0'}, {'Specific cause of failure:': 'Lack of Experience'}]","[{'Founder:': 'Derric Haynie'}, {'Country:': 'United States'}, {'Industry:': 'Social Media'}, {'Started in:': '2013'}, {'Closed in:': '2018'}, {'Funding Amount:': '$0'}, {'Specific cause of failure:': 'Mismanagement of Funds'}]","[{'Founder:': 'Lucas Gonze'}, {'Country:': 'United States'}, {'Industry:': 'Software & Hardware'}, {'Started in:': '2005'}, {'Closed in:': '2005'}, {'Funding Amount:': '$0'}, {'Specific cause of failure:': 'No Market Need'}]","[{'Founder:': 'Michael Ojo'}, {'Country:': 'United States'}, {'Industry:': 'Entertainment'}, {'Started in:': '2013'}, {'Closed in:': '2018'}, {'Funding Amount:': '$0'}, {'Specific cause of failure:': 'Lack of Funds'}]","[{'Founder:': 'Jon Lawrence'}, {'Country:': 'United States'}, {'Industry:': 'Software & Hardware'}, {'Started in:': '2013'}, {'Closed in:': '2015'}, {'Funding Amount:': '$0'}, {'Specific cause of failure:': 'Lack of Funds'}]","[{'Founder:': 'Devan Sood'}, {'Country:': 'United States'}, {'Industry:': 'Social Media'}, {'Started in:': '2015'}, {'Closed in:': '2016'}, {'Funding Amount:': '$1M-$5M'}, {'Specific cause of failure:': 'Mismanagement of Funds'}]"
